case_id,S0,K,r,borrow,sigma,T,is_put,steps,n_divs,div1_time,div1_amt,div2_time,div2_amt,price
0,80,90,0.03,0,0.15,0.25,1,200,0,0,0,0,0,10
1,80,90,0.03,0.015,0.15,1,0,200,1,0.5,2.4,0,0,1.38065
2,80,90,0.03,0,0.15,1.5,1,200,2,0.45,1.6,1.05,1.6,12.4404
3,80,90,0.03,0.015,0.25,0.25,0,200,0,0,0,0,0,1.03613
4,80,90,0.03,0,0.25,1,1,200,1,0.5,2.4,0,0,14.6518
5,80,90,0.03,0.015,0.25,1.5,0,200,2,0.45,1.6,1.05,1.6,5.71171
6,80,90,0.03,0,0.4,0.25,1,200,0,0,0,0,0,12.5196
7,80,90,0.03,0.015,0.4,1,0,200,1,0.5,2.4,0,0,8.65912
8,80,90,0.03,0,0.4,1.5,1,200,2,0.45,1.6,1.05,1.6,21.7703
9,80,100,0.03,0.015,0.15,0.25,0,200,0,0,0,0,0,0.00313578
10,80,100,0.03,0,0.15,1,1,200,1,0.5,2.4,0,0,21.0618
11,80,100,0.03,0.015,0.15,1.5,0,200,2,0.45,1.6,1.05,1.6,0.79635
12,80,100,0.03,0,0.25,0.25,1,200,0,0,0,0,0,20
13,80,100,0.03,0.015,0.25,1,0,200,1,0.5,2.4,0,0,2.09987
14,80,100,0.03,0,0.25,1.5,1,200,2,0.45,1.6,1.05,1.6,23.4093
15,80,100,0.03,0.015,0.4,0.25,0,200,0,0,0,0,0,1.22097
16,80,100,0.03,0,0.4,1,1,200,1,0.5,2.4,0,0,26.5247
17,80,100,0.03,0.015,0.4,1.5,0,200,2,0.45,1.6,1.05,1.6,8.78623
18,80,110,0.03,0,0.15,0.25,1,200,0,0,0,0,0,30
19,80,110,0.03,0.015,0.15,1,0,200,1,0.5,2.4,0,0,0.0727274
20,80,110,0.03,0,0.15,1.5,1,200,2,0.45,1.6,1.05,1.6,30.1991
21,80,110,0.03,0.015,0.25,0.25,0,200,0,0,0,0,0,0.0213293
22,80,110,0.03,0,0.25,1,1,200,1,0.5,2.4,0,0,31.4749
23,80,110,0.03,0.015,0.25,1.5,0,200,2,0.45,1.6,1.05,1.6,2.07122
24,80,110,0.03,0,0.4,0.25,1,200,0,0,0,0,0,30.1099
25,80,110,0.03,0.015,0.4,1,0,200,1,0.5,2.4,0,0,4.2979
26,80,110,0.03,0,0.4,1.5,1,200,2,0.45,1.6,1.05,1.6,36.4019
27,95,90,0.03,0.015,0.15,0.25,0,200,0,0,0,0,0,6.18767
28,95,90,0.03,0,0.15,1,1,200,1,0.5,2.85,0,0,3.61086
29,95,90,0.03,0.015,0.15,1.5,0,200,2,0.45,1.9,1.05,1.9,8.88772
30,95,90,0.03,0,0.25,0.25,1,200,0,0,0,0,0,2.32232
31,95,90,0.03,0.015,0.25,1,0,200,1,0.5,2.85,0,0,11.3384
32,95,90,0.03,0,0.25,1.5,1,200,2,0.45,1.9,1.05,1.9,9.06102
33,95,90,0.03,0.015,0.4,0.25,0,200,0,0,0,0,0,10.2853
34,95,90,0.03,0,0.4,1,1,200,1,0.5,2.85,0,0,12.5958
35,95,90,0.03,0.015,0.4,1.5,0,200,2,0.45,1.9,1.05,1.9,19.5493
36,95,100,0.03,0,0.15,0.25,1,200,0,0,0,0,0,5.68985
37,95,100,0.03,0.015,0.15,1,0,200,1,0.5,2.85,0,0,3.31549
38,95,100,0.03,0,0.15,1.5,1,200,2,0.45,1.9,1.05,1.9,9.97768
39,95,100,0.03,0.015,0.25,0.25,0,200,0,0,0,0,0,2.87011
40,95,100,0.03,0,0.25,1,1,200,1,0.5,2.85,0,0,12.7133
41,95,100,0.03,0.015,0.25,1.5,0,200,2,0.45,1.9,1.05,1.9,8.91005
42,95,100,0.03,0,0.4,0.25,1,200,0,0,0,0,0,10.1292
43,95,100,0.03,0.015,0.4,1,0,200,1,0.5,2.85,0,0,12.5185
44,95,100,0.03,0,0.4,1.5,1,200,2,0.45,1.9,1.05,1.9,21.4475
45,95,110,0.03,0.015,0.15,0.25,0,200,0,0,0,0,0,0.0825212
46,95,110,0.03,0,0.15,1,1,200,1,0.5,2.85,0,0,16.9854
47,95,110,0.03,0.015,0.15,1.5,0,200,2,0.45,1.9,1.05,1.9,2.01391
48,95,110,0.03,0,0.25,0.25,1,200,0,0,0,0,0,15.3494
49,95,110,0.03,0.015,0.25,1,0,200,1,0.5,2.85,0,0,4.08215
50,95,110,0.03,0,0.25,1.5,1,200,2,0.45,1.9,1.05,1.9,21.1866
51,95,110,0.03,0.015,0.4,0.25,0,200,0,0,0,0,0,2.82704
52,95,110,0.03,0,0.4,1,1,200,1,0.5,2.85,0,0,25.0002
53,95,110,0.03,0.015,0.4,1.5,0,200,2,0.45,1.9,1.05,1.9,12.6414
54,100,90,0.03,0,0.15,0.25,1,200,0,0,0,0,0,0.20696
55,100,90,0.03,0.015,0.15,1,0,200,1,0.5,3,0,0,11.7684
56,100,90,0.03,0,0.15,1.5,1,200,2,0.45,2,1.05,2,3.18858
57,100,90,0.03,0.015,0.25,0.25,0,200,0,0,0,0,0,11.5374
58,100,90,0.03,0,0.25,1,1,200,1,0.5,3,0,0,5.51402
59,100,90,0.03,0.015,0.25,1.5,0,200,2,0.45,2,1.05,2,16.2816
60,100,90,0.03,0,0.4,0.25,1,200,0,0,0,0,0,3.39215
61,100,90,0.03,0.015,0.4,1,0,200,1,0.5,3,0,0,19.7623
62,100,90,0.03,0,0.4,1.5,1,200,2,0.45,2,1.05,2,14.0044
63,100,100,0.03,0.015,0.15,0.25,0,200,0,0,0,0,0,3.16104
64,100,100,0.03,0,0.15,1,1,200,1,0.5,3,0,0,6.32141
65,100,100,0.03,0.015,0.15,1.5,0,200,2,0.45,2,1.05,2,6.69347
66,100,100,0.03,0,0.25,0.25,1,200,0,0,0,0,0,4.65158
67,100,100,0.03,0.015,0.25,1,0,200,1,0.5,3,0,0,9.37761
68,100,100,0.03,0,0.25,1.5,1,200,2,0.45,2,1.05,2,12.2366
69,100,100,0.03,0.015,0.4,0.25,0,200,0,0,0,0,0,8.09884
70,100,100,0.03,0,0.4,1,1,200,1,0.5,3,0,0,16.1544
71,100,100,0.03,0.015,0.4,1.5,0,200,2,0.45,2,1.05,2,18.4707
72,100,110,0.03,0,0.15,0.25,1,200,0,0,0,0,0,10.0576
73,100,110,0.03,0.015,0.15,1,0,200,1,0.5,3,0,0,2.21959
74,100,110,0.03,0,0.15,1.5,1,200,2,0.45,2,1.05,2,13.7053
75,100,110,0.03,0.015,0.25,0.25,0,200,0,0,0,0,0,1.76374
76,100,110,0.03,0,0.25,1,1,200,1,0.5,3,0,0,16.5425
77,100,110,0.03,0.015,0.25,1.5,0,200,2,0.45,2,1.05,2,7.8347
78,100,110,0.03,0,0.4,0.25,1,200,0,0,0,0,0,13.8359
79,100,110,0.03,0.015,0.4,1,0,200,1,0.5,3,0,0,11.57
80,100,110,0.03,0,0.4,1.5,1,200,2,0.45,2,1.05,2,25.5565
81,105,90,0.03,0.015,0.15,0.25,0,200,0,0,0,0,0,15.3255
82,105,90,0.03,0,0.15,1,1,200,1,0.5,3.15,0,0,1.27438
83,105,90,0.03,0.015,0.15,1.5,0,200,2,0.45,2.1,1.05,2.1,16.4173
84,105,90,0.03,0,0.25,0.25,1,200,0,0,0,0,0,0.563134
85,105,90,0.03,0.015,0.25,1,0,200,1,0.5,3.15,0,0,18.3769
86,105,90,0.03,0,0.25,1.5,1,200,2,0.45,2.1,1.05,2.1,6.03135
87,105,90,0.03,0.015,0.4,0.25,0,200,0,0,0,0,0,17.6453
88,105,90,0.03,0,0.4,1,1,200,1,0.5,3.15,0,0,9.39364
89,105,90,0.03,0.015,0.4,1.5,0,200,2,0.45,2.1,1.05,2.1,26.0361
90,105,100,0.03,0,0.15,0.25,1,200,0,0,0,0,0,1.02268
91,105,100,0.03,0.015,0.15,1,0,200,1,0.5,3.15,0,0,8.52761
92,105,100,0.03,0,0.15,1.5,1,200,2,0.45,2.1,1.05,2.1,5.39385
93,105,100,0.03,0.015,0.25,0.25,0,200,0,0,0,0,0,8.20082
94,105,100,0.03,0,0.25,1,1,200,1,0.5,3.15,0,0,8.19
95,105,100,0.03,0.015,0.25,1.5,0,200,2,0.45,2.1,1.05,2.1,14.2193
96,105,100,0.03,0,0.4,0.25,1,200,0,0,0,0,0,5.62197
97,105,100,0.03,0.015,0.4,1,0,200,1,0.5,3.15,0,0,18.0882
98,105,100,0.03,0,0.4,1.5,1,200,2,0.45,2.1,1.05,2.1,17.5688
99,105,110,0.03,0.015,0.15,0.25,0,200,0,0,0,0,0,1.42044
100,105,110,0.03,0,0.15,1,1,200,1,0.5,3.15,0,0,9.70018
101,105,110,0.03,0.015,0.15,1.5,0,200,2,0.45,2.1,1.05,2.1,5.08119
102,105,110,0.03,0,0.25,0.25,1,200,0,0,0,0,0,7.79955
103,105,110,0.03,0.015,0.25,1,0,200,1,0.5,3.15,0,0,7.84965
104,105,110,0.03,0,0.25,1.5,1,200,2,0.45,2.1,1.05,2.1,15.7295
105,105,110,0.03,0.015,0.4,0.25,0,200,0,0,0,0,0,6.43075
106,105,110,0.03,0,0.4,1,1,200,1,0.5,3.15,0,0,19.948
107,105,110,0.03,0.015,0.4,1.5,0,200,2,0.45,2.1,1.05,2.1,17.5584
108,120,90,0.03,0,0.15,0.25,1,200,0,0,0,0,0,6.59568e-05
109,120,90,0.03,0.015,0.15,1,0,200,1,0.5,3.6,0,0,30.4619
110,120,90,0.03,0,0.15,1.5,1,200,2,0.45,2.4,1.05,2.4,0.545161
111,120,90,0.03,0.015,0.25,0.25,0,200,0,0,0,0,0,30.2659
112,120,90,0.03,0,0.25,1,1,200,1,0.5,3.6,0,0,1.76328
113,120,90,0.03,0.015,0.25,1.5,0,200,2,0.45,2.4,1.05,2.4,31.8983
114,120,90,0.03,0,0.4,0.25,1,200,0,0,0,0,0,0.639184
115,120,90,0.03,0.015,0.4,1,0,200,1,0.5,3.6,0,0,34.6828
116,120,90,0.03,0,0.4,1.5,1,200,2,0.45,2.4,1.05,2.4,9.04011
117,120,100,0.03,0.015,0.15,0.25,0,200,0,0,0,0,0,20.3151
118,120,100,0.03,0,0.15,1,1,200,1,0.5,3.6,0,0,0.997998
119,120,100,0.03,0.015,0.15,1.5,0,200,2,0.45,2.4,1.05,2.4,21.1671
120,120,100,0.03,0,0.25,0.25,1,200,0,0,0,0,0,0.385227
121,120,100,0.03,0.015,0.25,1,0,200,1,0.5,3.6,0,0,23.0695
122,120,100,0.03,0,0.25,1.5,1,200,2,0.45,2.4,1.05,2.4,5.8954
123,120,100,0.03,0.015,0.4,0.25,0,200,0,0,0,0,0,22.3655
124,120,100,0.03,0,0.4,1,1,200,1,0.5,3.6,0,0,9.57515
125,120,100,0.03,0.015,0.4,1.5,0,200,2,0.45,2.4,1.05,2.4,31.2053
126,120,110,0.03,0,0.15,0.25,1,200,0,0,0,0,0,0.430601
127,120,110,0.03,0.015,0.15,1,0,200,1,0.5,3.6,0,0,12.6251
128,120,110,0.03,0,0.15,1.5,1,200,2,0.45,2.4,1.05,2.4,4.49414
129,120,110,0.03,0.015,0.25,0.25,0,200,0,0,0,0,0,12.3193
130,120,110,0.03,0,0.25,1,1,200,1,0.5,3.6,0,0,7.44243
131,120,110,0.03,0.015,0.25,1.5,0,200,2,0.45,2.4,1.05,2.4,18.4155
132,120,110,0.03,0,0.4,0.25,1,200,0,0,0,0,0,4.73582
133,120,110,0.03,0.015,0.4,1,0,200,1,0.5,3.6,0,0,22.6826
134,120,110,0.03,0,0.4,1.5,1,200,2,0.45,2.4,1.05,2.4,17.8428
