K,T,bs_price,mc_price,mc_stderr,rel_err_pct
85,0.25,15.8029,15.8029,4.63445e-05,0.000122371
85,0.342105,16.1988,16.1988,5.46024e-05,0.00034634
85,0.434211,16.6125,16.6124,5.84504e-05,0.000632407
85,0.526316,17.0318,17.0317,6.08471e-05,0.000442888
85,0.618421,17.4505,17.4505,6.34074e-05,0.000215729
85,0.710526,17.8655,17.8653,6.6928e-05,0.000937005
85,0.802632,18.275,18.275,7.15403e-05,0.000102849
85,0.894737,18.6784,18.6785,7.70893e-05,0.000647205
85,0.986842,19.0752,19.0751,8.35887e-05,0.000315835
85,1.07895,19.4655,19.4656,9.06096e-05,0.000475455
85,1.17105,19.8492,19.8493,9.79811e-05,0.000105387
85,1.26316,20.2267,20.2267,0.000105788,4.49223e-05
85,1.35526,20.598,20.5981,0.000113562,0.000344759
85,1.44737,20.9635,20.9637,0.000121305,0.00119638
85,1.53947,21.3233,21.3233,0.000129136,0.00011115
85,1.63158,21.6777,21.6777,0.000137164,0.000141258
85,1.72368,22.0269,22.0271,0.000144778,0.000614335
85,1.81579,22.3712,22.3713,0.000152475,0.000636065
85,1.90789,22.7107,22.7106,0.000159911,0.00037936
85,2,23.0456,23.0459,0.000167157,0.00110923
86.5789,0.25,14.3296,14.3295,4.84223e-05,0.00044257
86.5789,0.342105,14.7773,14.7773,5.33963e-05,0.000172719
86.5789,0.434211,15.2348,15.2348,5.60885e-05,0.000205264
86.5789,0.526316,15.6912,15.6912,5.92828e-05,6.3802e-05
86.5789,0.618421,16.1415,16.1415,6.39898e-05,0.000120578
86.5789,0.710526,16.5839,16.5838,7.02475e-05,0.00020464
86.5789,0.802632,17.0174,17.0175,7.76468e-05,0.000809375
86.5789,0.894737,17.442,17.442,8.59846e-05,5.78549e-05
86.5789,0.986842,17.8579,17.8578,9.48349e-05,7.10942e-05
86.5789,1.07895,18.2653,18.2652,0.000103816,0.000661147
86.5789,1.17105,18.6647,18.6647,0.00011296,0.00028915
86.5789,1.26316,19.0565,19.0565,0.000122104,0.000126232
86.5789,1.35526,19.4411,19.4409,0.000131008,0.000857835
86.5789,1.44737,19.8188,19.8188,0.00013976,2.13278e-05
86.5789,1.53947,20.1901,20.19,0.000148606,0.000470857
86.5789,1.63158,20.5552,20.5554,0.00015697,0.000906239
86.5789,1.72368,20.9145,20.9144,0.000165274,0.000554277
86.5789,1.81579,21.2683,21.2682,0.000173355,0.000439196
86.5789,1.90789,21.6168,21.6164,0.00018144,0.00143544
86.5789,2,21.9602,21.9604,0.000188896,0.00088221
88.1579,0.25,12.8953,12.8953,4.75652e-05,0.000308285
88.1579,0.342105,13.3996,13.3996,5.07213e-05,1.26223e-05
88.1579,0.434211,13.9027,13.9027,5.47432e-05,0.000128925
88.1579,0.526316,14.3964,14.3963,6.11196e-05,0.000399074
88.1579,0.618421,14.8779,14.8779,6.95828e-05,7.36462e-05
88.1579,0.710526,15.3468,15.3467,7.93541e-05,0.000934919
88.1579,0.802632,15.8034,15.8034,8.96849e-05,0.000345467
88.1579,0.894737,16.2482,16.248,0.000100399,0.00095124
88.1579,0.986842,16.6821,16.6821,0.000111033,3.62617e-05
88.1579,1.07895,17.1057,17.1055,0.00012161,0.00074433
88.1579,1.17105,17.5197,17.5197,0.000131881,0.000348442
88.1579,1.26316,17.9249,17.9248,0.000141886,0.00062321
88.1579,1.35526,18.3218,18.3219,0.000151613,0.000539581
88.1579,1.44737,18.711,18.7108,0.00016108,0.00102776
88.1579,1.53947,19.0928,19.0928,0.000170342,0.000119056
88.1579,1.63158,19.4679,19.4679,0.000179177,0.000186122
88.1579,1.72368,19.8365,19.8367,0.000187814,0.00115288
88.1579,1.81579,20.199,20.1989,0.000196284,0.000743377
88.1579,1.90789,20.5558,20.5559,0.000204341,0.000355056
88.1579,2,20.9072,20.9073,0.000212195,0.000568069
89.7368,0.25,11.51,11.5101,4.46221e-05,0.000234841
89.7368,0.342105,12.0737,12.0737,4.96043e-05,0.000229617
89.7368,0.434211,12.6224,12.6224,5.8223e-05,0.000164552
89.7368,0.526316,13.1524,13.1525,6.94111e-05,0.00054346
89.7368,0.618421,13.6637,13.6637,8.18293e-05,0.000218599
89.7368,0.710526,14.1577,14.1577,9.44743e-05,0.000165254
89.7368,0.802632,14.6358,14.6356,0.000107121,0.0011467
89.7368,0.894737,15.0994,15.0994,0.000119359,3.12155e-05
89.7368,0.986842,15.5499,15.5496,0.000131304,0.00147265
89.7368,1.07895,15.9883,15.9883,0.000142667,0.000178922
89.7368,1.17105,16.4158,16.4158,0.000153754,4.93636e-05
89.7368,1.26316,16.8333,16.8332,0.000164354,0.000405684
89.7368,1.35526,17.2414,17.2416,0.000174588,0.000837962
89.7368,1.44737,17.6409,17.641,0.000184318,0.000541287
89.7368,1.53947,18.0324,18.0326,0.000193841,0.00098475
89.7368,1.63158,18.4165,18.4167,0.000202873,0.00100584
89.7368,1.72368,18.7936,18.7939,0.000211671,0.00199503
89.7368,1.81579,19.1641,19.1646,0.000220034,0.00249979
89.7368,1.90789,19.5284,19.5287,0.00022832,0.00125176
89.7368,2,19.887,19.8872,0.000236438,0.00119508
91.3158,0.25,10.1843,10.1844,4.32434e-05,0.000734269
91.3158,0.342105,10.8072,10.8071,5.47559e-05,0.000487419
91.3158,0.434211,11.3997,11.3997,6.94405e-05,9.44862e-05
91.3158,0.526316,11.9637,11.9637,8.48531e-05,0.000233645
91.3158,0.618421,12.5026,12.5025,0.000100113,0.000763076
91.3158,0.710526,13.0195,13.0193,0.00011465,0.0011505
91.3158,0.802632,13.5171,13.5169,0.000128559,0.001182
91.3158,0.894737,13.9976,13.9976,0.000141684,0.000265913
91.3158,0.986842,14.463,14.4629,0.000154233,0.00062502
91.3158,1.07895,14.9148,14.9147,0.00016626,0.00104365
91.3158,1.17105,15.3543,15.3544,0.000177426,0.000763739
91.3158,1.26316,15.7827,15.7826,0.0001883,0.000541154
91.3158,1.35526,16.2008,16.201,0.000198612,0.00116515
91.3158,1.44737,16.6096,16.6096,0.000208594,2.53929e-05
91.3158,1.53947,17.0097,17.0096,0.000218092,0.000740913
91.3158,1.63158,17.4018,17.4022,0.000227298,0.00200364
91.3158,1.72368,17.7864,17.7862,0.000236086,0.00130272
91.3158,1.81579,18.164,18.1641,0.000244524,0.000561959
91.3158,1.90789,18.5351,18.5354,0.000252917,0.00134873
91.3158,2,18.9,18.8997,0.000260611,0.00194966
92.8947,0.25,8.9285,8.92845,4.9791e-05,0.00058128
92.8947,0.342105,9.60722,9.60728,6.89131e-05,0.000639586
92.8947,0.434211,10.2397,10.2397,8.79334e-05,0.000533152
92.8947,0.526316,10.8343,10.8344,0.000105786,0.00109904
92.8947,0.618421,11.3976,11.3976,0.000122478,2.28814e-05
92.8947,0.710526,11.9346,11.9345,0.00013799,0.000960176
92.8947,0.802632,12.4493,12.4493,0.000152519,0.000151094
92.8947,0.894737,12.9446,12.9446,0.00016588,0.000204434
92.8947,0.986842,13.423,13.4228,0.000178578,0.00133643
92.8947,1.07895,13.8863,13.8868,0.000190556,0.00373225
92.8947,1.17105,14.3362,14.3365,0.00020199,0.00186802
92.8947,1.26316,14.774,14.7742,0.0002128,0.000981956
92.8947,1.35526,15.2008,15.2008,0.000223159,4.38428e-05
92.8947,1.44737,15.6176,15.6178,0.00023296,0.00107054
92.8947,1.53947,16.0252,16.0252,0.000242236,2.29173e-05
92.8947,1.63158,16.4243,16.4244,0.000251493,0.000568544
92.8947,1.72368,16.8154,16.8153,0.000260253,0.000902007
92.8947,1.81579,17.1993,17.1992,0.000268451,0.000167777
92.8947,1.90789,17.5762,17.5761,0.000276796,0.000304397
92.8947,2,17.9467,17.9466,0.000284424,0.000579825
94.4737,0.25,7.75203,7.75214,6.65525e-05,0.00145502
94.4737,0.342105,8.48004,8.48008,9.01123e-05,0.00050493
94.4737,0.434211,9.14696,9.14694,0.000111121,0.000197943
94.4737,0.526316,9.76745,9.76728,0.000129902,0.00180377
94.4737,0.618421,10.3513,10.3513,0.000146927,0.000524982
94.4737,0.710526,10.9052,10.9051,0.000162596,0.000571609
94.4737,0.802632,11.434,11.4339,0.000176915,0.000938975
94.4737,0.894737,11.9416,11.9415,0.000190462,0.000818732
94.4737,0.986842,12.4307,12.4312,0.000202923,0.00393662
94.4737,1.07895,12.9037,12.9039,0.000214838,0.00198412
94.4737,1.17105,13.3622,13.3624,0.000226053,0.000814603
94.4737,1.26316,13.8079,13.8079,0.000236655,7.26898e-05
94.4737,1.35526,14.242,14.2423,0.000246813,0.00233567
94.4737,1.44737,14.6655,14.6653,0.000256677,0.00127139
94.4737,1.53947,15.0793,15.0794,0.000265895,0.000801266
94.4737,1.63158,15.4842,15.4835,0.000274729,0.00451782
94.4737,1.72368,15.8809,15.8809,0.000283339,0.000300026
94.4737,1.81579,16.2699,16.2698,0.000291315,0.000742815
94.4737,1.90789,16.6519,16.6523,0.000299279,0.00248846
94.4737,2,17.0271,17.0268,0.000307068,0.001533
96.0526,0.25,6.66301,6.663,8.97859e-05,0.000162117
96.0526,0.342105,7.43075,7.43081,0.000114499,0.000929601
96.0526,0.434211,8.12491,8.12485,0.000135638,0.000767187
96.0526,0.526316,8.76571,8.76567,0.000154183,0.000452593
96.0526,0.618421,9.36552,9.36551,0.000170899,0.000116021
96.0526,0.710526,9.93252,9.93213,0.000186274,0.00393696
96.0526,0.802632,10.4725,10.4721,0.000200407,0.00398361
96.0526,0.894737,10.9896,10.9898,0.000213503,0.00164272
96.0526,0.986842,11.4871,11.4872,0.000225807,0.000256728
96.0526,1.07895,11.9676,11.9677,0.000237322,0.00095328
96.0526,1.17105,12.4329,12.4331,0.000248278,0.00111294
96.0526,1.26316,12.8848,12.8848,0.000258741,1.17438e-07
96.0526,1.35526,13.3246,13.3251,0.000268545,0.00353748
96.0526,1.44737,13.7534,13.7533,0.000278089,0.00124408
96.0526,1.53947,14.1722,14.1725,0.000287203,0.00207286
96.0526,1.63158,14.5818,14.5813,0.000295968,0.00386742
96.0526,1.72368,14.983,14.983,0.000304251,0.000162396
96.0526,1.81579,15.3762,15.3758,0.000312315,0.00254705
96.0526,1.90789,15.7622,15.7622,0.000320023,0.000479654
96.0526,2,16.1413,16.1418,0.000327555,0.00357394
97.6316,0.25,5.66758,5.66745,0.000113776,0.00236087
97.6316,0.342105,6.46303,6.46316,0.000137562,0.00193367
97.6316,0.434211,7.176,7.17629,0.000157886,0.00404701
97.6316,0.526316,7.83077,7.83031,0.000175931,0.00596702
97.6316,0.618421,8.44159,8.4417,0.00019208,0.0012954
97.6316,0.710526,9.01763,9.0176,0.000206862,0.000367402
97.6316,0.802632,9.56526,9.5654,0.000220606,0.00148102
97.6316,0.894737,10.0891,10.089,0.000233225,0.000708753
97.6316,0.986842,10.5925,10.5925,0.00024515,1.51267e-06
97.6316,1.07895,11.0783,11.0786,0.000256559,0.00317848
97.6316,1.17105,11.5485,11.5492,0.000267215,0.00601555
97.6316,1.26316,12.0048,12.0043,0.000277581,0.00429152
97.6316,1.35526,12.4488,12.4489,0.000287223,0.00118426
97.6316,1.44737,12.8815,12.8814,0.000296426,0.00107214
97.6316,1.53947,13.304,13.3039,0.000305319,0.00089283
97.6316,1.63158,13.7171,13.7171,0.000313956,0.000245762
97.6316,1.72368,14.1216,14.1217,0.000322124,0.00104001
97.6316,1.81579,14.518,14.5174,0.000330176,0.00442407
97.6316,1.90789,14.907,14.9062,0.000337954,0.00567462
97.6316,2,15.2891,15.289,0.000345216,0.000859854
99.2105,0.25,4.76957,4.76948,0.000131855,0.00195823
99.2105,0.342105,5.57905,5.57913,0.000154484,0.00150468
99.2105,0.434211,6.30156,6.30172,0.000174064,0.00267129
99.2105,0.526316,6.96348,6.96324,0.000191442,0.00354835
99.2105,0.618421,7.58002,7.57987,0.000207194,0.00206525
99.2105,0.710526,8.16086,8.16082,0.000221644,0.000517551
99.2105,0.802632,8.71264,8.71273,0.000235106,0.00103968
99.2105,0.894737,9.24013,9.24031,0.000247728,0.00193955
99.2105,0.986842,9.74691,9.74726,0.000259411,0.00357732
99.2105,1.07895,10.2357,10.2351,0.000270776,0.00671204
99.2105,1.17105,10.7088,10.7088,0.000281379,0.000344268
99.2105,1.26316,11.1679,11.168,0.000291376,0.00099682
99.2105,1.35526,11.6144,11.6142,0.000301041,0.00154572
99.2105,1.44737,12.0496,12.0496,0.000310243,0.000180711
99.2105,1.53947,12.4744,12.4745,0.00031907,0.000613397
99.2105,1.63158,12.8898,12.8901,0.00032767,0.00192553
99.2105,1.72368,13.2965,13.2964,0.000335957,0.000750208
99.2105,1.81579,13.6952,13.6954,0.000343779,0.00131968
99.2105,1.90789,14.0863,14.0863,0.000351588,0.000149135
99.2105,2,14.4705,14.4705,0.000358845,7.12532e-05
100.789,0.25,3.97032,3.97024,0.000134947,0.00216861
100.789,0.342105,4.77937,4.77923,0.000158268,0.00286989
100.789,0.434211,5.50178,5.5021,0.00017828,0.00586483
100.789,0.526316,6.16386,6.16401,0.000196128,0.00244932
100.789,0.618421,6.78072,6.78087,0.000212281,0.0022046
100.789,0.710526,7.36203,7.36174,0.000227337,0.00395244
100.789,0.802632,7.91438,7.91432,0.00024086,0.000834844
100.789,0.894737,8.44255,8.4428,0.000253796,0.00298196
100.789,0.986842,8.95008,8.95041,0.000265817,0.00372082
100.789,1.07895,9.43973,9.43919,0.000277492,0.00580863
100.789,1.17105,9.91369,9.91331,0.000288127,0.00382691
100.789,1.26316,10.3737,10.3738,0.000298563,0.00126281
100.789,1.35526,10.8212,10.8214,0.0003083,0.00170109
100.789,1.44737,11.2574,11.2579,0.00031773,0.00497605
100.789,1.53947,11.6833,11.683,0.000326874,0.00239828
100.789,1.63158,12.0998,12.0995,0.00033573,0.00258655
100.789,1.72368,12.5076,12.5077,0.000344086,0.000533461
100.789,1.81579,12.9074,12.9073,0.000352168,0.000721403
100.789,1.90789,13.2997,13.2998,0.000359919,0.000660812
100.789,2,13.6851,13.6851,0.000367402,0.000465953
102.368,0.25,3.26868,3.26881,0.000120675,0.00386418
102.368,0.342105,4.063,4.06317,0.000146155,0.00428852
102.368,0.434211,4.77581,4.77562,0.000168141,0.00379843
102.368,0.526316,5.43111,5.43099,0.000187294,0.00214677
102.368,0.618421,6.04296,6.04304,0.000204756,0.0013756
102.368,0.710526,6.62046,6.62023,0.000220742,0.00348693
102.368,0.802632,7.16986,7.17009,0.000235398,0.00315253
102.368,0.894737,7.69572,7.69591,0.000249094,0.00248545
102.368,0.986842,8.20144,8.20137,0.000261989,0.000883902
102.368,1.07895,8.68969,8.68981,0.000274199,0.00138629
102.368,1.17105,9.16255,9.16205,0.000285826,0.00541442
102.368,1.26316,9.62173,9.62188,0.000296718,0.00149878
102.368,1.35526,10.0686,10.0686,0.000307249,0.000537049
102.368,1.44737,10.5044,10.5044,0.000317244,2.91188e-05
102.368,1.53947,10.9301,10.9298,0.000326752,0.00294172
102.368,1.63158,11.3465,11.3464,0.000335942,0.000511768
102.368,1.72368,11.7543,11.7543,0.000344837,0.000172142
102.368,1.81579,12.1542,12.1549,0.00035336,0.00543084
102.368,1.90789,12.5468,12.5466,0.000361715,0.00124154
102.368,2,12.9324,12.9325,0.000369536,5.70675e-05
103.947,0.25,2.66122,2.66131,9.83998e-05,0.00315974
103.947,0.342105,3.42754,3.42762,0.000125572,0.00230847
103.947,0.434211,4.12177,4.12185,0.000149004,0.00200921
103.947,0.526316,4.7637,4.76373,0.000169751,0.000764472
103.947,0.618421,5.36543,5.36551,0.000188395,0.00139127
103.947,0.710526,5.935,5.9352,0.000205442,0.00332624
103.947,0.802632,6.47805,6.4778,0.000221329,0.00384486
103.947,0.894737,6.99872,6.99882,0.000236005,0.00149428
103.947,0.986842,7.50015,7.50022,0.000249773,0.000961177
103.947,1.07895,7.98482,7.98466,0.00026285,0.00192129
103.947,1.17105,8.45468,8.45435,0.000275073,0.003877
103.947,1.26316,8.91133,8.91129,0.000286829,0.000431869
103.947,1.35526,9.3561,9.35634,0.00029796,0.00265081
103.947,1.44737,9.79009,9.79048,0.00030858,0.00406609
103.947,1.53947,10.2142,10.2142,0.000318937,1.66618e-05
103.947,1.63158,10.6294,10.629,0.000328822,0.00371049
103.947,1.72368,11.0361,11.0361,0.000338187,0.00069145
103.947,1.81579,11.4352,11.4355,0.000347127,0.00232419
103.947,1.90789,11.827,11.8272,0.000355979,0.00116587
103.947,2,12.2122,12.2121,0.000364485,0.000795224
105.526,0.25,2.14258,2.14267,7.52831e-05,0.00404346
105.526,0.342105,2.86936,2.86937,0.000102146,0.000495738
105.526,0.434211,3.53694,3.53684,0.000126171,0.00284445
105.526,0.526316,4.15945,4.15941,0.000147598,0.00108032
105.526,0.618421,4.74632,4.74649,0.000167167,0.00356762
105.526,0.710526,5.30411,5.30398,0.000185129,0.00245946
105.526,0.802632,5.83758,5.83775,0.000201847,0.00280375
105.526,0.894737,6.35032,6.35026,0.00021747,0.000995882
105.526,0.986842,6.8451,6.84502,0.000231905,0.00127421
105.526,1.07895,7.32412,7.32415,0.000245742,0.000450536
105.526,1.17105,7.78914,7.78899,0.000258933,0.00197523
105.526,1.26316,8.24162,8.24178,0.00027132,0.00188034
105.526,1.35526,8.68277,8.6825,0.000283164,0.00311507
105.526,1.44737,9.11362,9.11318,0.00029445,0.00482773
105.526,1.53947,9.53503,9.53566,0.000305215,0.0065405
105.526,1.63158,9.94776,9.94738,0.000315842,0.00382473
105.526,1.72368,10.3525,10.3528,0.000325767,0.00328508
105.526,1.81579,10.7497,10.7496,0.000335608,0.000430744
105.526,1.90789,11.1399,11.1402,0.000344599,0.0024964
105.526,2,11.5237,11.5238,0.000353721,0.00101922
107.105,0.25,1.70587,1.7058,5.76142e-05,0.00387664
107.105,0.342105,2.3838,2.38375,8.05466e-05,0.00221355
107.105,0.434211,3.01785,3.01772,0.000103123,0.00431987
107.105,0.526316,3.61563,3.61562,0.000124232,0.000252158
107.105,0.618421,4.18337,4.18336,0.000144079,0.000364288
107.105,0.710526,4.72586,4.72593,0.000162369,0.00136818
107.105,0.802632,5.2468,5.24659,0.000179486,0.00397664
107.105,0.894737,5.74907,5.74933,0.000195612,0.00451278
107.105,0.986842,6.23499,6.23517,0.000210925,0.003004
107.105,1.07895,6.7064,6.70638,0.000225294,0.000314359
107.105,1.17105,7.16485,7.16462,0.000239055,0.00327712
107.105,1.26316,7.6116,7.61189,0.000251955,0.00383067
107.105,1.35526,8.04773,8.04766,0.000264418,0.000874904
107.105,1.44737,8.47416,8.47396,0.000276198,0.00236363
107.105,1.53947,8.89165,8.89105,0.00028786,0.00674848
107.105,1.63158,9.30091,9.30117,0.000298558,0.00283945
107.105,1.72368,9.70251,9.70276,0.000309207,0.00253796
107.105,1.81579,10.097,10.097,0.000319458,0.000596316
107.105,1.90789,10.4848,10.4854,0.000329171,0.00560682
107.105,2,10.8664,10.8658,0.000338929,0.00535911
108.684,0.25,1.34317,1.34317,5.06107e-05,3.37567e-05
108.684,0.342105,1.96546,1.96541,6.5197e-05,0.00236859
108.684,0.434211,2.56047,2.5605,8.35543e-05,0.000879361
108.684,0.526316,3.12905,3.12903,0.000102707,0.000598455
108.684,0.618421,3.67396,3.67385,0.000121491,0.00300001
108.684,0.710526,4.19804,4.19806,0.000139453,0.000438621
108.684,0.802632,4.70377,4.70381,0.00015651,0.000880279
108.684,0.894737,5.19327,5.19339,0.000172752,0.0023948
108.684,0.986842,5.66829,5.66811,0.000188222,0.00302684
108.684,1.07895,6.1303,6.13043,0.000202818,0.0020316
108.684,1.17105,6.58057,6.58053,0.000217051,0.000475701
108.684,1.26316,7.02014,7.02014,0.000230358,3.36137e-05
108.684,1.35526,7.44992,7.45017,0.000243284,0.0033074
108.684,1.44737,7.87071,7.87048,0.000255699,0.00292931
108.684,1.53947,8.28319,8.28294,0.00026733,0.00300525
108.684,1.63158,8.68794,8.68785,0.000278866,0.00104182
108.684,1.72368,9.08551,9.08509,0.000289926,0.00462094
108.684,1.81579,9.47636,9.47603,0.000300474,0.00343711
108.684,1.90789,9.86089,9.86055,0.000310754,0.00351408
108.684,2,10.2395,10.2394,0.000320602,0.000778361
110.263,0.25,1.046,1.04606,5.39821e-05,0.00529994
110.263,0.342105,1.60843,1.60838,5.96931e-05,0.00337892
110.263,0.434211,2.16036,2.16042,7.11088e-05,0.00278218
110.263,0.526316,2.69617,2.69605,8.59069e-05,0.00448039
110.263,0.618421,3.21518,3.21508,0.00010207,0.0031036
110.263,0.710526,3.71818,3.71811,0.000118417,0.00198228
110.263,0.802632,4.20639,4.20625,0.000134648,0.00327715
110.263,0.894737,4.68105,4.68101,0.000150332,0.000724922
110.263,0.986842,5.14334,5.14349,0.000165488,0.00278439
110.263,1.07895,5.59432,5.59413,0.000180175,0.0033951
110.263,1.17105,6.03492,6.03487,0.000194192,0.00085204
110.263,1.26316,6.46597,6.46548,0.000207894,0.00764756
110.263,1.35526,6.88819,6.88857,0.000220787,0.00548853
110.263,1.44737,7.30222,7.30218,0.000233443,0.000560962
110.263,1.53947,7.70864,7.70833,0.000245524,0.00398599
110.263,1.63158,8.10794,8.10793,0.000257356,8.95302e-05
110.263,1.72368,8.50057,8.50057,0.000268547,9.69634e-06
110.263,1.81579,8.88695,8.88676,0.000279555,0.00217089
110.263,1.90789,9.26743,9.26772,0.000290283,0.00316154
110.263,2,9.64234,9.64209,0.000300637,0.00255995
111.842,0.25,0.805762,0.8058,6.15274e-05,0.00474519
111.842,0.342105,1.30657,1.30667,6.30875e-05,0.00788477
111.842,0.434211,1.81281,1.8128,6.77302e-05,0.000452484
111.842,0.526316,2.31324,2.31324,7.6473e-05,0.000218369
111.842,0.618421,2.80392,2.80381,8.82179e-05,0.00384912
111.842,0.710526,3.28365,3.28372,0.000101635,0.00212979
111.842,0.802632,3.75235,3.75235,0.000115769,0.000210523
111.842,0.894737,4.2104,4.21046,0.000130064,0.00143182
111.842,0.986842,4.65836,4.65854,0.000144267,0.00372262
111.842,1.07895,5.09685,5.09665,0.00015846,0.00389714
111.842,1.17105,5.52646,5.52653,0.000171913,0.00127733
111.842,1.26316,5.94776,5.9479,0.000185372,0.00228875
111.842,1.35526,6.36129,6.36113,0.00019831,0.00256264
111.842,1.44737,6.76754,6.76759,0.000210939,0.000856218
111.842,1.53947,7.16693,7.16648,0.000223316,0.00627014
111.842,1.63158,7.55988,7.56026,0.000234918,0.00497931
111.842,1.72368,7.94675,7.94669,0.000246419,0.000795452
111.842,1.81579,8.32788,8.32762,0.000257723,0.00315413
111.842,1.90789,8.70357,8.70387,0.000268427,0.00337197
111.842,2,9.0741,9.07392,0.000279038,0.002074
113.421,0.25,0.614074,0.614224,6.84217e-05,0.0244379
113.421,0.342105,1.05365,1.05365,7.07314e-05,0.00027732
113.421,0.434211,1.51298,1.51292,7.19409e-05,0.00448735
113.421,0.526316,1.97635,1.9763,7.54839e-05,0.00258827
113.421,0.618421,2.43693,2.43691,8.1988e-05,0.000461616
113.421,0.710526,2.89167,2.89164,9.09922e-05,0.000887173
113.421,0.802632,3.33926,3.33941,0.000101809,0.00456748
113.421,0.894737,3.77921,3.77925,0.000113827,0.00126041
113.421,0.986842,4.21146,4.21152,0.000126267,0.00132162
113.421,1.07895,4.63618,4.63614,0.000139117,0.00102066
113.421,1.17105,5.05363,5.05381,0.000151796,0.00363078
113.421,1.26316,5.4641,5.46407,0.00016447,0.000605866
113.421,1.35526,5.86794,5.868,0.000176986,0.00113121
113.421,1.44737,6.26545,6.26539,0.000189081,0.000870099
113.421,1.53947,6.65695,6.65723,0.000201009,0.00428956
113.421,1.63158,7.04273,7.04247,0.000212872,0.00360264
113.421,1.72368,7.42307,7.42367,0.000224087,0.00812529
113.421,1.81579,7.79823,7.79853,0.000235388,0.00383876
113.421,1.90789,8.16845,8.16833,0.000246334,0.00140997
113.421,2,8.53395,8.53438,0.000256727,0.00502627
115,0.25,0.463074,0.463011,7.2795e-05,0.0135581
115,0.342105,0.843634,0.843727,7.86096e-05,0.0110847
115,0.434211,1.25608,1.25605,7.98407e-05,0.00288699
115,0.526316,1.68156,1.68146,8.07004e-05,0.00561538
115,0.618421,2.11089,2.11087,8.31408e-05,0.00122467
115,0.710526,2.53941,2.53947,8.78483e-05,0.00235515
115,0.802632,2.96464,2.96461,9.47071e-05,0.00104923
115,0.894737,3.38528,3.3853,0.000103308,0.00067484
115,0.986842,3.80069,3.80084,0.000113033,0.00411372
115,1.07895,4.21056,4.21042,0.000123762,0.00335004
115,1.17105,4.61483,4.61479,0.000134782,0.000823206
115,1.26316,5.01352,5.01342,0.000146196,0.00199385
115,1.35526,5.40676,5.40686,0.000157661,0.00174314
115,1.44737,5.7947,5.79478,0.000169212,0.00139816
115,1.53947,6.17752,6.17772,0.000180552,0.00325596
115,1.63158,6.55538,6.55549,0.000191892,0.00157359
115,1.72368,6.92849,6.92856,0.000202874,0.000967507
115,1.81579,7.29701,7.29738,0.000213914,0.00495952
115,1.90789,7.66113,7.66092,0.00022468,0.00277482
115,2,8.02102,8.02157,0.000235024,0.006912
