expiry_idx,T,K,type,market_vol,fit_vol,resid_vol_pts,edge_price,half_spread_price,mid_price
0,0.0833333,123.878,C,0.184256,0.17603,-0.8226,-3.71345e-05,3.52372e-05,5.56399e-05
0,0.0833333,125.441,C,0.181981,0.174166,-0.7815,-1.14006e-05,1.12058e-05,1.59897e-05
0,0.0833333,126.706,C,0.181066,0.172741,-0.8325,-4.72642e-06,4.57215e-06,6.12615e-06
0,0.0833333,132.891,C,0.175878,0.166852,-0.9026,-2.78975e-08,2.7411e-08,2.99693e-08
0,0.0833333,132.226,C,0.156347,0.1674,1.1053,3.25099e-09,1.115e-09,1.14938e-09
0,0.0833333,132.558,C,0.156347,0.167124,1.0777,2.19198e-09,8.1067e-10,8.33616e-10
0,0.0833333,133.225,C,0.156347,0.166584,1.0237,9.7746e-10,4.25251e-10,4.35362e-10
0,0.0833333,133.559,C,0.156347,0.166321,0.9974,6.47179e-10,3.06818e-10,3.13494e-10
0,0.0833333,133.895,C,0.156347,0.166062,0.9715,4.24737e-10,2.20806e-10,2.25198e-10
0,0.0833333,134.231,C,0.156347,0.165808,0.9461,2.77084e-10,1.58502e-10,1.61381e-10
0,0.0833333,134.568,C,0.156347,0.165558,0.9211,1.79242e-10,1.1349e-10,1.15371e-10
0,0.0833333,134.906,C,0.156347,0.165313,0.8966,1.14934e-10,8.10551e-11,8.22792e-11
0,0.0833333,135.245,C,0.156347,0.165072,0.8725,7.29522e-11,5.77438e-11,5.85376e-11
0,0.0833333,135.584,C,0.156347,0.164836,0.8489,4.58894e-11,4.1033e-11,4.15459e-11
