expiry_idx,T,a,b,rho,m,sigma,feasible
0,0.0833333,-0.0197601,0.0218745,-0.0107921,0.409254,1,1
1,0.184211,-0.02849,0.0347572,0.0246669,0.399736,1,1
2,0.285088,-0.0305943,0.0407338,-0.00707112,0.378475,1,1
3,0.385965,-0.0291826,0.0429165,-0.0233595,0.398845,0.999786,1
4,0.486842,-0.0282636,0.0455675,-0.0282294,0.408605,1,1
5,0.587719,-0.0272443,0.0481825,-0.0392428,0.406844,1,1
6,0.688596,-0.0281952,0.0527018,-0.0649253,0.364803,1,1
7,0.789474,-0.0250699,0.0526442,-0.0678658,0.390439,1,1
8,0.890351,-0.0230543,0.0536501,-0.0724752,0.403185,1,1
9,0.991228,-0.0203867,0.053928,-0.0739072,0.418115,1,1
10,1.09211,-0.0174129,0.0533626,-0.0633563,0.459019,1,1
11,1.19298,0.0204939,0.0343239,-0.911149,-0.139846,0.858163,1
12,1.29386,0.00863161,0.0671905,-0.910246,-0.6,0.972964,1
13,1.39474,0.00973247,0.0674484,-0.915595,-0.6,1,1
14,1.49561,0.0147751,0.0651459,-0.943448,-0.598374,1,1
15,1.59649,0.0170438,0.0655161,-0.941376,-0.6,1,1
16,1.69737,0.0198449,0.0657852,-0.956548,-0.6,1,1
17,1.79825,0.0224221,0.0652154,-0.961001,-0.6,0.999934,1
18,1.89912,0.0282057,0.0607467,-0.999,-0.592122,1,1
19,2,0.0297456,0.0607847,-0.998976,-0.579902,1,1
